,high court
0,"
Allahabad High Court
Andhra Pradesh High Court
Bombay High Court
Calcutta High Court
Chhattisgarh High Court
Delhi High Court
Gauhati High Court
Gujarat High Court
Himachal Pradesh High Court
Jammu & Kashmir High Court
Jharkhand High Court
Karnataka High Court
Kerala High Court
Madhya Pradesh High Court
Madras High Court
Manipur High Court
Meghalaya High Court
High Court of Orissa
Patna High Court
Punjab & Haryana High Court
Rajasthan High Court
Sikkim High Court

Telangana High Court
Tripura High Court
Uttarakhand High Court
"
